<metadata xml:lang="en"><Esri><CreaDate>20140305</CreaDate><CreaTime>17160900</CreaTime><ArcGISFormat>1.0</ArcGISFormat><SyncOnce>FALSE</SyncOnce><DataProperties><itemProps><itemName Sync="TRUE">DPR_ParksProperties_001</itemName><itemLocation><linkage Sync="TRUE">file://\\MIS\SHARED\GIS\Ben_Projects\MXDs\OPENDATA\DPR_ParksProperties_001\DPR_ParksProperties_001.shp</linkage><protocol Sync="TRUE">Local Area Network</protocol></itemLocation><nativeExtBox><westBL Sync="TRUE">913032.983958</westBL><eastBL Sync="TRUE">1064870.586122</eastBL><southBL Sync="TRUE">119521.548409</southBL><northBL Sync="TRUE">271316.829463</northBL><exTypeCode Sync="TRUE">1</exTypeCode></nativeExtBox><relatedItems><item><itemName Sync="TRUE">ParksGIS.DPR.PropertyToStructure</itemName><itemType Sync="TRUE">Relationship</itemType></item><item><itemName Sync="TRUE">ParksGIS.DPR.PropertyToPlayground</itemName><itemType Sync="TRUE">Relationship</itemType></item><item><itemName Sync="TRUE">ParksGIS.DPR.PropertyToAthleticFacility</itemName><itemType Sync="TRUE">Relationship</itemType></item><item><itemName Sync="TRUE">ParksGIS.DPR.ParkHasAIMSAsset</itemName><itemType Sync="TRUE">Relationship</itemType></item><item><itemName Sync="TRUE">ParksGIS.DPR.ParkToCentroid</itemName><itemType Sync="TRUE">Relationship</itemType></item><item><itemName Sync="TRUE">ParksGIS.DPR.PropertyHasParkName</itemName><itemType Sync="TRUE">Relationship</itemType></item><item><itemName Sync="TRUE">ParksGIS.DPR.ParkDistrictToProperty</itemName><itemType Sync="TRUE">Relationship</itemType></item></relatedItems><imsContentType Sync="TRUE">002</imsContentType><itemSize Sync="TRUE">0.000</itemSize></itemProps><coordRef><type Sync="TRUE">Projected</type><geogcsn Sync="TRUE">GCS_NAD_1983_2011</geogcsn><csUnits Sync="TRUE">Linear Unit: Foot_US (0.304801)</csUnits><projcsn Sync="TRUE">NAD_1983_2011_StatePlane_New_York_Long_Isl_FIPS_3104_Ft_US</projcsn><peXml Sync="TRUE">&lt;ProjectedCoordinateSystem xsi:type='typens:ProjectedCoordinateSystem' xmlns:xsi='http://www.w3.org/2001/XMLSchema-instance' xmlns:xs='http://www.w3.org/2001/XMLSchema' xmlns:typens='http://www.esri.com/schemas/ArcGIS/10.3'&gt;&lt;WKT&gt;PROJCS[&amp;quot;NAD_1983_2011_StatePlane_New_York_Long_Isl_FIPS_3104_Ft_US&amp;quot;,GEOGCS[&amp;quot;GCS_NAD_1983_2011&amp;quot;,DATUM[&amp;quot;D_NAD_1983_2011&amp;quot;,SPHEROID[&amp;quot;GRS_1980&amp;quot;,6378137.0,298.257222101]],PRIMEM[&amp;quot;Greenwich&amp;quot;,0.0],UNIT[&amp;quot;Degree&amp;quot;,0.0174532925199433]],PROJECTION[&amp;quot;Lambert_Conformal_Conic&amp;quot;],PARAMETER[&amp;quot;False_Easting&amp;quot;,984250.0],PARAMETER[&amp;quot;False_Northing&amp;quot;,0.0],PARAMETER[&amp;quot;Central_Meridian&amp;quot;,-74.0],PARAMETER[&amp;quot;Standard_Parallel_1&amp;quot;,40.66666666666666],PARAMETER[&amp;quot;Standard_Parallel_2&amp;quot;,41.03333333333333],PARAMETER[&amp;quot;Latitude_Of_Origin&amp;quot;,40.16666666666666],UNIT[&amp;quot;Foot_US&amp;quot;,0.3048006096012192],AUTHORITY[&amp;quot;ESRI&amp;quot;,103120]]&lt;/WKT&gt;&lt;XOrigin&gt;-120039300&lt;/XOrigin&gt;&lt;YOrigin&gt;-96540300&lt;/YOrigin&gt;&lt;XYScale&gt;37212589.015695661&lt;/XYScale&gt;&lt;ZOrigin&gt;-100000&lt;/ZOrigin&gt;&lt;ZScale&gt;10000&lt;/ZScale&gt;&lt;MOrigin&gt;-100000&lt;/MOrigin&gt;&lt;MScale&gt;10000&lt;/MScale&gt;&lt;XYTolerance&gt;0.0032808333333333331&lt;/XYTolerance&gt;&lt;ZTolerance&gt;0.001&lt;/ZTolerance&gt;&lt;MTolerance&gt;0.001&lt;/MTolerance&gt;&lt;HighPrecision&gt;true&lt;/HighPrecision&gt;&lt;WKID&gt;103120&lt;/WKID&gt;&lt;LatestWKID&gt;103120&lt;/LatestWKID&gt;&lt;/ProjectedCoordinateSystem&gt;</peXml></coordRef><lineage><Process ToolSource="C:\Program Files (x86)\ArcGIS\Desktop10.0\ArcToolbox\Toolboxes\Data Management Tools.tbx\CopyFeatures" Date="20140305" Time="171610" Name="" export="">CopyFeatures J:\GIS\Sandy_Projects\LoadMe.gdb\Parks\Property J:\GIS\Sandy_Projects\Load_March.gdb\Property # 0 0 0</Process><Process ToolSource="C:\Program Files (x86)\ArcGIS\Desktop10.0\ArcToolbox\Toolboxes\Data Management Tools.tbx\CopyFeatures" Date="20140317" Time="093715" Name="" export="">CopyFeatures J:\GIS\Sandy_Projects\Load_March.gdb\Property J:\GIS\Sandy_Projects\LoadMe20140317.gdb\Parks\Property # 0 0 0</Process><Process ToolSource="C:\Program Files (x86)\ArcGIS\Desktop10.0\ArcToolbox\Toolboxes\Data Management Tools.tbx\CopyFeatures" Date="20140324" Time="101106" Name="" export="">CopyFeatures J:\GIS\Sandy_Projects\LoadMe20140317.gdb\Parks\Property J:\GIS\Sandy_Projects\LoadMe.gdb\Parks\Property # 0 0 0</Process><Process ToolSource="C:\Program Files (x86)\ArcGIS\Desktop10.0\ArcToolbox\Toolboxes\Data Management Tools.tbx\CopyFeatures" Date="20140325" Time="132806" Name="" export="">CopyFeatures J:\GIS\Sandy_Projects\LoadMe.gdb\Parks\Property J:\GIS\Sandy_Projects\Backuo20140325.gdb\Parks\Property # 0 0 0</Process><Process ToolSource="C:\Program Files (x86)\ArcGIS\Desktop10.0\ArcToolbox\Toolboxes\Data Management Tools.tbx\CopyFeatures" Date="20140415" Time="102342" Name="" export="">CopyFeatures J:\GIS\Sandy_Projects\LoadMe20140325.gdb\Parks\Property "Database Connections\mspwva-dprgis1@DPR@ParksGIS.sde\ParksGIS.DPR.Parks\ParksGIS.DPR.Property" # 0 0 0</Process><Process ToolSource="c:\program files (x86)\arcgis\desktop10.2\ArcToolbox\Toolboxes\Data Management Tools.tbx\CalculateField" Date="20150129" Time="155159" Name="" export="">CalculateField ParksGIS.DPR.Property BOROUGH "M" VB #</Process><Process ToolSource="c:\program files (x86)\arcgis\desktop10.2\ArcToolbox\Toolboxes\Data Management Tools.tbx\CalculateField" Date="20150312" Time="124733" Name="" export="">CalculateField "NYC Parkland\ParksGIS.DPR.Property" JURISDICTION "text = "-"" VB #</Process><Process ToolSource="c:\program files (x86)\arcgis\desktop10.2\ArcToolbox\Toolboxes\Data Management Tools.tbx\CalculateField" Date="20150312" Time="124846" Name="" export="">CalculateField "NYC Parkland\ParksGIS.DPR.Property" JURISDICTION "text = " "" VB #</Process><Process ToolSource="c:\program files (x86)\arcgis\desktop10.2\ArcToolbox\Toolboxes\Data Management Tools.tbx\CalculateField" Date="20150312" Time="124917" Name="" export="">CalculateField "NYC Parkland\ParksGIS.DPR.Property" JURISDICTION "text = " - "" VB #</Process><Process ToolSource="c:\program files (x86)\arcgis\desktop10.2\ArcToolbox\Toolboxes\Data Management Tools.tbx\CalculateField" Date="20150312" Time="125007" Name="" export="">CalculateField "NYC Parkland\ParksGIS.DPR.Property" JURISDICTION "text = " NA "" VB #</Process><Process ToolSource="c:\program files (x86)\arcgis\desktop10.2\ArcToolbox\Toolboxes\Data Management Tools.tbx\CalculateField" Date="20150312" Time="125124" Name="" export="">CalculateField "NYC Parkland\ParksGIS.DPR.Property" JURISDICTION ""text" = " - "" VB #</Process><Process ToolSource="c:\program files (x86)\arcgis\desktop10.2\ArcToolbox\Toolboxes\Data Management Tools.tbx\CalculateField" Date="20150312" Time="125213" Name="" export="">CalculateField "NYC Parkland\ParksGIS.DPR.Property" JURISDICTION "[JURISDICTION] = " - "" VB #</Process><Process ToolSource="c:\program files (x86)\arcgis\desktop10.2\ArcToolbox\Toolboxes\Data Management Tools.tbx\CalculateField" Date="20150312" Time="125330" Name="" export="">CalculateField "NYC Parkland\ParksGIS.DPR.Property" JURISDICTION "[JURISDICTION] = " NA "" VB #</Process><Process ToolSource="c:\program files (x86)\arcgis\desktop10.2\ArcToolbox\Toolboxes\Data Management Tools.tbx\CalculateField" Date="20150312" Time="125417" Name="" export="">CalculateField "NYC Parkland\ParksGIS.DPR.Property" JURISDICTION [JURISDICTION]="NA" VB #</Process><Process ToolSource="c:\program files (x86)\arcgis\desktop10.2\ArcToolbox\Toolboxes\Data Management Tools.tbx\CalculateField" Date="20150312" Time="125459" Name="" export="">CalculateField "NYC Parkland\ParksGIS.DPR.Property" JURISDICTION "text = "-"" VB #</Process><Process ToolSource="c:\program files (x86)\arcgis\desktop10.2\ArcToolbox\Toolboxes\Data Management Tools.tbx\CalculateField" Date="20150312" Time="125640" Name="" export="">CalculateField "NYC Parkland\ParksGIS.DPR.Property" JURISDICTION "-" VB #</Process><Process ToolSource="c:\program files (x86)\arcgis\desktop10.2\ArcToolbox\Toolboxes\Data Management Tools.tbx\CalculateField" Date="20150312" Time="125823" Name="" export="">CalculateField "NYC Parkland\ParksGIS.DPR.Property" ACRES "0.00" VB #</Process><Process ToolSource="c:\program files (x86)\arcgis\desktop10.2\ArcToolbox\Toolboxes\Data Management Tools.tbx\CalculateField" Date="20150312" Time="125917" Name="" export="">CalculateField "NYC Parkland\ParksGIS.DPR.Property" ACRES "0" VB #</Process><Process ToolSource="c:\program files (x86)\arcgis\desktop10.2\ArcToolbox\Toolboxes\Data Management Tools.tbx\CalculateField" Date="20150312" Time="125956" Name="" export="">CalculateField "NYC Parkland\ParksGIS.DPR.Property" OMPPROPID "-" VB #</Process><Process ToolSource="c:\program files (x86)\arcgis\desktop10.2\ArcToolbox\Toolboxes\Data Management Tools.tbx\CalculateField" Date="20150312" Time="130713" Name="" export="">CalculateField "NYC Parkland\ParksGIS.DPR.Property" WATERFRONT "Yes" VB #</Process><Process ToolSource="c:\program files (x86)\arcgis\desktop10.2\ArcToolbox\Toolboxes\Data Management Tools.tbx\CalculateField" Date="20150312" Time="130941" Name="" export="">CalculateField "NYC Parkland\ParksGIS.DPR.Property" WATERFRONT "No" VB #</Process><Process ToolSource="c:\program files (x86)\arcgis\desktop10.2\ArcToolbox\Toolboxes\Data Management Tools.tbx\CalculateField" Date="20150312" Time="131155" Name="" export="">CalculateField "NYC Parkland\ParksGIS.DPR.Property" ACRES "0" VB #</Process><Process ToolSource="c:\program files (x86)\arcgis\desktop10.2\ArcToolbox\Toolboxes\Data Management Tools.tbx\CalculateField" Date="20150312" Time="131226" Name="" export="">CalculateField "NYC Parkland\ParksGIS.DPR.Property" JURISDICTION "-" VB #</Process><Process ToolSource="c:\program files (x86)\arcgis\desktop10.2\ArcToolbox\Toolboxes\Data Management Tools.tbx\CalculateField" Date="20150312" Time="132232" Name="" export="">CalculateField "NYC Parkland\ParksGIS.DPR.Property" COMMENTS " " VB #</Process><Process ToolSource="c:\program files (x86)\arcgis\desktop10.2\ArcToolbox\Toolboxes\Data Management Tools.tbx\CalculateField" Date="20150312" Time="132328" Name="" export="">CalculateField "NYC Parkland\ParksGIS.DPR.Property" RETIREDDATE " " VB #</Process><Process ToolSource="c:\program files (x86)\arcgis\desktop10.2\ArcToolbox\Toolboxes\Data Management Tools.tbx\CalculateField" Date="20150312" Time="132557" Name="" export="">CalculateField "NYC Parkland\ParksGIS.DPR.Property" SIGNNAME " " VB #</Process><Process ToolSource="c:\program files (x86)\arcgis\desktop10.2\ArcToolbox\Toolboxes\Data Management Tools.tbx\CalculateField" Date="20150312" Time="132750" Name="" export="">CalculateField "NYC Parkland\ParksGIS.DPR.Property" ADDRESS " " VB #</Process><Process ToolSource="c:\program files (x86)\arcgis\desktop10.2\ArcToolbox\Toolboxes\Data Management Tools.tbx\CalculateField" Date="20150324" Time="105327" Name="" export="">CalculateField "NYC Parkland\ParksGIS.DPR.Property" OMPPROPID [GISPROPNUM] VB #</Process><Process ToolSource="c:\program files (x86)\arcgis\desktop10.2\ArcToolbox\Toolboxes\Data Management Tools.tbx\CalculateField" Date="20150324" Time="105649" Name="" export="">CalculateField "NYC Parkland\ParksGIS.DPR.Property" OMPPROPID [GISPROPNUM] VB #</Process><Process ToolSource="c:\program files (x86)\arcgis\desktop10.2\ArcToolbox\Toolboxes\Data Management Tools.tbx\CalculateField" Date="20150324" Time="105755" Name="" export="">CalculateField "NYC Parkland\ParksGIS.DPR.Property" OMPPROPID [GISPROPNUM] VB #</Process><Process Name="Select (13)" ToolSource="c:\program files (x86)\arcgis\desktop10.3\ArcToolbox\Toolboxes\Analysis Tools.tbx\Select" Date="20150416" Time="142857">Select "Database Connections\[EDITOR]ben.blackshear@ParksGIS.sde\ParksGIS.DPR.Parks\ParksGIS.DPR.Property" J:\GIS\Ben_Projects\MXDs\OPENDATA\DPR_ParksProperties_001\DPR_ParksProperties_001.shp ""RETIRED" &lt;&gt; 'True' AND TYPECATEGORY &lt;&gt; 'Pending Acquisitions' AND TYPECATEGORY &lt;&gt; 'Tracking Only' AND GISPROPNUM &lt;&gt; ''"</Process><Process Name="Delete Field (13)" ToolSource="c:\program files (x86)\arcgis\desktop10.3\ArcToolbox\Toolboxes\Data Management Tools.tbx\DeleteField" Date="20150416" Time="142907">DeleteField J:\GIS\Ben_Projects\MXDs\OPENDATA\DPR_ParksProperties_001\DPR_ParksProperties_001.shp SYSTEM;OMPPROPID;GISPARKDIS;DEPARTMENT;PERMITDIST;PERMITPARE;PARENTID;COMMUNITYB;COUNCILDIS;PRECINCT;ZIPCODE;ACRES;COMMENTS;ADDEDBY;ADDEDDATE;MODIFIEDBY;MODIFIEDDA;RETIRED;RETIREDDAT;FLAG;FLAGCOMMEN;EAPPLY;AMPSSYNC;PIP_RATABL;GISOBJID;ORGANIZATI;CLASS;STATUS;AMPSTYPE;PARENTORG;COMMISSION;CLASSORG;ACQUISITIO;ADDRESS;JURISDICTI;MAPPED;NAME311;PERMIT;SUBCATEGOR;URL;created_us;created_da;last_edite;last_edi_1</Process></lineage></DataProperties><SyncDate>20150416</SyncDate><SyncTime>14285500</SyncTime><ModDate>20150416</ModDate><ModTime>14285500</ModTime><scaleRange><minScale>150000000</minScale><maxScale>5000</maxScale></scaleRange><ArcGISProfile>ItemDescription</ArcGISProfile></Esri><mdLang><languageCode value="eng"/><countryCode value="USA" Sync="TRUE"/></mdLang><mdChar><CharSetCd value="004"/></mdChar><mdHrLv><ScopeCd value="005"/></mdHrLv><mdContact><rpIndName>Parklands Division</rpIndName><rpOrgName>NYC Department of Parks &amp; Recreation</rpOrgName><rpCntInfo><cntPhone><voiceNum>212-360-3411</voiceNum></cntPhone><cntAddress addressType="both"><delPoint>Room 401</delPoint><delPoint>830 Fifth Avenue</delPoint><city>New York</city><adminArea>NY</adminArea><postCode>10065</postCode><country>US</country></cntAddress></rpCntInfo><role><RoleCd value="007"/></role></mdContact><mdStanName>ArcGIS Metadata</mdStanName><mdStanVer>1.0</mdStanVer><distInfo><distributor><distorCont><rpIndName>Parklands and Planning Division</rpIndName><rpOrgName>NYC Department of Parks &amp; Recreation</rpOrgName><rpCntInfo><cntPhone><voiceNum>212-360-3402</voiceNum></cntPhone><cntAddress addressType="postal"><delPoint>830 Fifth Avenue</delPoint><city>New York</city><adminArea>NY</adminArea><postCode>10065</postCode><country>US</country></cntAddress></rpCntInfo><role><RoleCd value="005"/></role></distorCont><distorOrdPrc><resFees>To be determined at time of order</resFees></distorOrdPrc><distorFormat><formatName>ESRI data format, dependent upon request</formatName></distorFormat></distributor><distTranOps><onLineSrc><linkage>Server=gis2.gis.parks; Service=sde:sqlserver:gis2.gis.parks; Database=ParksGIS; User=dpr; Version=dbo.DEFAULT</linkage></onLineSrc><transSize Sync="TRUE">0.000</transSize></distTranOps><distFormat><formatName Sync="TRUE">Shapefile</formatName></distFormat></distInfo><dataIdInfo><idCitation><citRespParty><rpOrgName>NYC Department of Parks &amp; Recreation</rpOrgName><role><RoleCd value="006"/></role></citRespParty><resTitle Sync="TRUE">DPR_ParksProperties_001</resTitle><presForm><PresFormCd value="005" Sync="TRUE"/></presForm></idCitation><idAbs>&lt;DIV STYLE="text-align:Left;"&gt;&lt;DIV&gt;&lt;DIV&gt;&lt;P&gt;&lt;SPAN&gt;&lt;SPAN&gt;Category Types:&lt;/SPAN&gt;&lt;/SPAN&gt;&lt;/P&gt;&lt;P /&gt;&lt;TABLE&gt;&lt;TBODY&gt;&lt;TR&gt;&lt;TD&gt;&lt;P&gt;&lt;SPAN&gt;&lt;SPAN&gt;Nature Area&lt;/SPAN&gt;&lt;/SPAN&gt;&lt;/P&gt;&lt;/TD&gt;&lt;TD&gt;&lt;P&gt;&lt;SPAN&gt;&lt;SPAN&gt;Vacant/unimproved area, including islands, which are not associated with other parks and contain natural features including forests, marshland, meadows, etc.&lt;/SPAN&gt;&lt;/SPAN&gt;&lt;/P&gt;&lt;/TD&gt;&lt;/TR&gt;&lt;TR&gt;&lt;TD&gt;&lt;P&gt;&lt;SPAN&gt;&lt;SPAN&gt;Schoolyard to Playground&lt;/SPAN&gt;&lt;/SPAN&gt;&lt;/P&gt;&lt;/TD&gt;&lt;TD&gt;&lt;P&gt;&lt;SPAN&gt;&lt;SPAN&gt;Schoolyard playgrounds opened to the public during non-school hours as part of PlaNYC&lt;/SPAN&gt;&lt;/SPAN&gt;&lt;/P&gt;&lt;/TD&gt;&lt;/TR&gt;&lt;TR&gt;&lt;TD&gt;&lt;P&gt;&lt;SPAN&gt;&lt;SPAN&gt;Cemetery&lt;/SPAN&gt;&lt;/SPAN&gt;&lt;/P&gt;&lt;/TD&gt;&lt;TD&gt;&lt;P&gt;&lt;SPAN&gt;&lt;SPAN&gt;Standalone facility&lt;/SPAN&gt;&lt;/SPAN&gt;&lt;/P&gt;&lt;/TD&gt;&lt;/TR&gt;&lt;TR&gt;&lt;TD&gt;&lt;P&gt;&lt;SPAN&gt;&lt;SPAN&gt;Historic House Park&lt;/SPAN&gt;&lt;/SPAN&gt;&lt;/P&gt;&lt;/TD&gt;&lt;TD&gt;&lt;P&gt;&lt;SPAN&gt;&lt;SPAN&gt;Standalone facility&lt;/SPAN&gt;&lt;/SPAN&gt;&lt;/P&gt;&lt;/TD&gt;&lt;/TR&gt;&lt;TR&gt;&lt;TD&gt;&lt;P&gt;&lt;SPAN&gt;&lt;SPAN&gt;Buildings/Institutions&lt;/SPAN&gt;&lt;/SPAN&gt;&lt;/P&gt;&lt;/TD&gt;&lt;TD&gt;&lt;P&gt;&lt;SPAN&gt;&lt;SPAN&gt;Recreation Centers or other standalone, specialized, staffed facilities, including institutions that operate all year round or on a seasonal basis, i.e. pools, gymnasiums, auditoriums, senior centers, etc.&lt;/SPAN&gt;&lt;/SPAN&gt;&lt;/P&gt;&lt;/TD&gt;&lt;/TR&gt;&lt;TR&gt;&lt;TD&gt;&lt;P&gt;&lt;SPAN&gt;&lt;SPAN&gt;Parkway&lt;/SPAN&gt;&lt;/SPAN&gt;&lt;/P&gt;&lt;/TD&gt;&lt;TD&gt;&lt;P&gt;&lt;SPAN&gt;&lt;SPAN&gt;Landscaped area of Arterial Highways and Parkways.&lt;/SPAN&gt;&lt;/SPAN&gt;&lt;/P&gt;&lt;/TD&gt;&lt;/TR&gt;&lt;TR&gt;&lt;TD&gt;&lt;P&gt;&lt;SPAN&gt;&lt;SPAN&gt;Strip&lt;/SPAN&gt;&lt;/SPAN&gt;&lt;/P&gt;&lt;/TD&gt;&lt;TD&gt;&lt;P&gt;&lt;SPAN&gt;&lt;SPAN&gt;Narrow, linear grass or paved area border or marginal property found in conjunction with the arterial street system and having no recreation or park equipment.&lt;/SPAN&gt;&lt;/SPAN&gt;&lt;/P&gt;&lt;/TD&gt;&lt;/TR&gt;&lt;TR&gt;&lt;TD&gt;&lt;P&gt;&lt;SPAN&gt;&lt;SPAN&gt;Lot&lt;/SPAN&gt;&lt;/SPAN&gt;&lt;/P&gt;&lt;/TD&gt;&lt;TD&gt;&lt;P&gt;&lt;SPAN&gt;&lt;SPAN&gt;Standalone parking area&lt;/SPAN&gt;&lt;/SPAN&gt;&lt;/P&gt;&lt;/TD&gt;&lt;/TR&gt;&lt;TR&gt;&lt;TD&gt;&lt;P&gt;&lt;SPAN&gt;&lt;SPAN&gt;Mall&lt;/SPAN&gt;&lt;/SPAN&gt;&lt;/P&gt;&lt;/TD&gt;&lt;TD&gt;&lt;P&gt;&lt;SPAN&gt;&lt;SPAN&gt;A series of linear center or border divider(s) of extended length, existing in conjunction with the local street system&lt;/SPAN&gt;&lt;/SPAN&gt;&lt;/P&gt;&lt;/TD&gt;&lt;/TR&gt;&lt;TR&gt;&lt;TD&gt;&lt;P&gt;&lt;SPAN&gt;&lt;SPAN&gt;Recreational Field/Courts&lt;/SPAN&gt;&lt;/SPAN&gt;&lt;/P&gt;&lt;/TD&gt;&lt;TD&gt;&lt;P&gt;&lt;SPAN&gt;&lt;SPAN&gt;Sites consisting solely of hard surface/turf sports areas that are operated by DPR.&lt;/SPAN&gt;&lt;/SPAN&gt;&lt;/P&gt;&lt;/TD&gt;&lt;/TR&gt;&lt;TR&gt;&lt;TD&gt;&lt;P&gt;&lt;SPAN&gt;&lt;SPAN&gt;Playground&lt;/SPAN&gt;&lt;/SPAN&gt;&lt;/P&gt;&lt;/TD&gt;&lt;TD&gt;&lt;P&gt;&lt;SPAN&gt;&lt;SPAN&gt;Standalone facilities under DPR jurisdiction and management consisting of playground equipment along with perhaps hard surface or turf sports areas . Typically under 5 acres and more than 50% of the total site.&lt;/SPAN&gt;&lt;/SPAN&gt;&lt;/P&gt;&lt;/TD&gt;&lt;/TR&gt;&lt;TR&gt;&lt;TD&gt;&lt;P&gt;&lt;SPAN&gt;&lt;SPAN&gt;Neighborhood Park&lt;/SPAN&gt;&lt;/SPAN&gt;&lt;/P&gt;&lt;/TD&gt;&lt;TD&gt;&lt;P&gt;&lt;SPAN&gt;&lt;SPAN&gt;Parks that are intended to serve the direct neighborhood in which they are located. Neighborhood Parks are typically up to 50 acres and may include passive/active recreational areas.&lt;/SPAN&gt;&lt;/SPAN&gt;&lt;/P&gt;&lt;/TD&gt;&lt;/TR&gt;&lt;TR&gt;&lt;TD&gt;&lt;P&gt;&lt;SPAN&gt;&lt;SPAN&gt;Community Park&lt;/SPAN&gt;&lt;/SPAN&gt;&lt;/P&gt;&lt;/TD&gt;&lt;TD&gt;&lt;P&gt;&lt;SPAN&gt;&lt;SPAN&gt;Parks with a combination of active and passive recreational facilities or specialized amenities that service more than one community district. The largest of these parks have a large natural area component. Community Parks are typically between 5 and 250 acres.&lt;/SPAN&gt;&lt;/SPAN&gt;&lt;/P&gt;&lt;/TD&gt;&lt;/TR&gt;&lt;TR&gt;&lt;TD&gt;&lt;P&gt;&lt;SPAN&gt;&lt;SPAN&gt;Flagship Park&lt;/SPAN&gt;&lt;/SPAN&gt;&lt;/P&gt;&lt;/TD&gt;&lt;TD&gt;&lt;P&gt;&lt;SPAN&gt;&lt;SPAN&gt;These parks have a variety of active recreational facilities and include a large natural or landscaped component. Flagship Parks are some of the largest parks in the City and attract users from throughout the metropolitan region. They include, but are not limited to those joint interest areas that traverse multiple community districts. Such sites are designated in the New York City Charter of 1976 as being Central Park, Riverside Park (Manhattan), Prospect Park (Brooklyn), Flushing Meadows-Corona Park, Forest Park (Queens), Bronx Park, Van Cortlandt Park and Pelham Bay Park (Bronx).&lt;/SPAN&gt;&lt;/SPAN&gt;&lt;/P&gt;&lt;/TD&gt;&lt;/TR&gt;&lt;TR&gt;&lt;TD&gt;&lt;P&gt;&lt;SPAN&gt;&lt;SPAN&gt;Triangle/Plaza&lt;/SPAN&gt;&lt;/SPAN&gt;&lt;/P&gt;&lt;/TD&gt;&lt;TD&gt;&lt;P&gt;&lt;SPAN&gt;&lt;SPAN&gt;A landscaped or paved area usually in conjunction with the arterial or local street system. These sites are primarily developed for passive recreation use or to provide an open space amenity within the neighborhood. These sites are non-linear and may be developed to contain grass, trees, shrubs, cobblestone, fences, monuments, plaques, flagpoles, benches, game or picnic tables and drinking fountains, but they have no active recreational equipment. Smaller sites may be operated as Greenstreets, but are under the jurisdiction of DPR. These sites range in size, but are typically under 1 - acre.&lt;/SPAN&gt;&lt;/SPAN&gt;&lt;/P&gt;&lt;/TD&gt;&lt;/TR&gt;&lt;TR&gt;&lt;TD&gt;&lt;P&gt;&lt;SPAN&gt;&lt;SPAN&gt;Jointly Operated Playground&lt;/SPAN&gt;&lt;/SPAN&gt;&lt;/P&gt;&lt;/TD&gt;&lt;TD&gt;&lt;P&gt;&lt;SPAN&gt;&lt;SPAN&gt;Playgrounds adjacent to public schools jointly operated by DPR and the Department of Education&lt;/SPAN&gt;&lt;/SPAN&gt;&lt;/P&gt;&lt;/TD&gt;&lt;/TR&gt;&lt;TR&gt;&lt;TD&gt;&lt;P&gt;&lt;SPAN&gt;&lt;SPAN&gt;Waterfront Facility&lt;/SPAN&gt;&lt;/SPAN&gt;&lt;/P&gt;&lt;/TD&gt;&lt;TD&gt;&lt;P&gt;&lt;SPAN&gt;&lt;SPAN&gt;Standalone facilities along the waterfront that have a specialized use as the only predominant component of development along the waterfront; this includes: beaches, stand alone marinas, and piers&lt;/SPAN&gt;&lt;/SPAN&gt;&lt;/P&gt;&lt;/TD&gt;&lt;/TR&gt;&lt;TR&gt;&lt;TD&gt;&lt;P&gt;&lt;SPAN&gt;&lt;SPAN&gt;Garden&lt;/SPAN&gt;&lt;/SPAN&gt;&lt;/P&gt;&lt;/TD&gt;&lt;TD&gt;&lt;P&gt;&lt;SPAN&gt;&lt;SPAN&gt;Landscaped plot of land with vegetables/flowers. Planted and maintained by the community and not DPR&lt;/SPAN&gt;&lt;/SPAN&gt;&lt;/P&gt;&lt;/TD&gt;&lt;/TR&gt;&lt;TR&gt;&lt;TD&gt;&lt;P&gt;&lt;SPAN&gt;&lt;SPAN&gt;Undeveloped&lt;/SPAN&gt;&lt;/SPAN&gt;&lt;/P&gt;&lt;/TD&gt;&lt;TD&gt;&lt;P&gt;&lt;SPAN&gt;&lt;SPAN&gt;Vacant, unimproved area of land which does not constitute a natural area and has no recreation or park equipment.&lt;/SPAN&gt;&lt;/SPAN&gt;&lt;/P&gt;&lt;/TD&gt;&lt;/TR&gt;&lt;/TBODY&gt;&lt;/TABLE&gt;&lt;P&gt;&lt;SPAN /&gt;&lt;/P&gt;&lt;/DIV&gt;&lt;/DIV&gt;&lt;/DIV&gt;</idAbs><idPurp>This data is intended to be a guide for identifying property managed partially or solely by the New York City Department of Parks and Recreation. This data has been produced in whole or part using secondary data. Data accuracy is limited by the scale and accuracy of the original sources. Site  specific conditions should be field-verified. For legal accuracy, refer to the maps that established parks and acquisition maps.</idPurp><idStatus><ProgCd value="007"/></idStatus><idPoC><rpIndName>Parklands and Planning Division</rpIndName><rpOrgName>NYC Department of Parks &amp; Recreation</rpOrgName><rpCntInfo><cntPhone><voiceNum>212-360-3411</voiceNum></cntPhone><cntAddress addressType="postal"><delPoint>830 Fifth Avenue</delPoint><city>New York</city><adminArea>NY</adminArea><postCode>10065</postCode><country>US</country></cntAddress></rpCntInfo><role><RoleCd value="007"/></role></idPoC><resMaint><maintFreq><MaintFreqCd value="001"/></maintFreq></resMaint><themeKeys><thesaName><resTitle>ESRI Geography Network Thesaurus</resTitle></thesaName><keyword>boundaries</keyword></themeKeys><searchKeys><keyword>park</keyword><keyword>parks</keyword><keyword>playgrounds</keyword><keyword>location</keyword><keyword>map</keyword><keyword>cartography</keyword><keyword>geographic</keyword><keyword>healthy living</keyword><keyword>public</keyword><keyword>green space</keyword><keyword>sports</keyword><keyword>athletic</keyword><keyword>recreation</keyword><keyword>nature</keyword><keyword>outdoor</keyword><keyword>play</keyword><keyword>open space</keyword></searchKeys><dataLang><languageCode value="eng"/><countryCode value="USA" Sync="TRUE"/></dataLang><dataExt><exDesc>publication date</exDesc></dataExt><idCredit>When used, this data set must be accompanied with a citation that references the New York City Department of Parks and Recreation and the current date.</idCredit><envirDesc Sync="TRUE">Microsoft Windows 7 Version 6.1 (Build 7601) Service Pack 1; Esri ArcGIS 10.3.0.4322</envirDesc><spatRpType><SpatRepTypCd value="001" Sync="TRUE"/></spatRpType><dataExt><geoEle xmlns=""><GeoBndBox esriExtentType="search"><exTypeCode Sync="TRUE">1</exTypeCode><westBL Sync="TRUE">-74.257657</westBL><eastBL Sync="TRUE">-73.708322</eastBL><northBL Sync="TRUE">40.911375</northBL><southBL Sync="TRUE">40.494368</southBL></GeoBndBox></geoEle></dataExt><tpCat><TopicCatCd value="003"/></tpCat></dataIdInfo><dqInfo><dqScope><scpLvl><ScopeCd value="005"/></scpLvl></dqScope><report type="DQConcConsis"><measDesc>ESRI feature type: Simple, Geometry: Polygon, Topology:</measDesc></report><report type="DQCompOm"><measDesc>Data set has been visually inspected. All data produced strives to meet National Mapping Accuracy Standards (NMAS).</measDesc></report></dqInfo><eainfo><detailed Name="DPR_ParksProperties_001"><enttyp><enttypl Sync="TRUE">DPR_ParksProperties_001</enttypl><enttypt Sync="TRUE">Feature Class</enttypt><enttypc Sync="TRUE">0</enttypc></enttyp><attr><attrlabl Sync="TRUE">FID</attrlabl><attalias Sync="TRUE">FID</attalias><attrtype Sync="TRUE">OID</attrtype><attwidth Sync="TRUE">4</attwidth><atprecis Sync="TRUE">0</atprecis><attscale Sync="TRUE">0</attscale><attrdef Sync="TRUE">Internal feature number.</attrdef><attrdefs Sync="TRUE">Esri</attrdefs><attrdomv><udom Sync="TRUE">Sequential unique whole numbers that are automatically generated.</udom></attrdomv></attr><attr><attrlabl Sync="TRUE">SYSTEM</attrlabl><attalias Sync="TRUE">SYSTEM</attalias><attrtype Sync="TRUE">String</attrtype><attwidth Sync="TRUE">25</attwidth><atprecis Sync="TRUE">0</atprecis><attscale Sync="TRUE">0</attscale></attr><attr><attrlabl Sync="TRUE">CLASS</attrlabl><attalias Sync="TRUE">CLASS</attalias><attrtype Sync="TRUE">String</attrtype><attwidth Sync="TRUE">8</attwidth><atprecis Sync="TRUE">0</atprecis><attscale Sync="TRUE">0</attscale></attr><attr><attrlabl Sync="TRUE">STATUS</attrlabl><attalias Sync="TRUE">STATUS</attalias><attrtype Sync="TRUE">String</attrtype><attwidth Sync="TRUE">4</attwidth><atprecis Sync="TRUE">0</atprecis><attscale Sync="TRUE">0</attscale></attr><attr><attrlabl Sync="TRUE">PARENTID</attrlabl><attalias Sync="TRUE">PARENTID</attalias><attrtype Sync="TRUE">String</attrtype><attwidth Sync="TRUE">25</attwidth><atprecis Sync="TRUE">0</atprecis><attscale Sync="TRUE">0</attscale></attr><attr><attrlabl Sync="TRUE">GISPARKDIS</attrlabl><attalias Sync="TRUE">GISPARKDIS</attalias><attrtype Sync="TRUE">String</attrtype><attwidth Sync="TRUE">25</attwidth><atprecis Sync="TRUE">0</atprecis><attscale Sync="TRUE">0</attscale></attr><attr><attrlabl Sync="TRUE">PARENTORG</attrlabl><attalias Sync="TRUE">PARENTORG</attalias><attrtype Sync="TRUE">String</attrtype><attwidth Sync="TRUE">10</attwidth><atprecis Sync="TRUE">0</atprecis><attscale Sync="TRUE">0</attscale></attr><attr><attrlabl Sync="TRUE">PERMITDIST</attrlabl><attalias Sync="TRUE">PERMITDIST</attalias><attrtype Sync="TRUE">String</attrtype><attwidth Sync="TRUE">25</attwidth><atprecis Sync="TRUE">0</atprecis><attscale Sync="TRUE">0</attscale></attr><attr><attrlabl Sync="TRUE">PERMITPARE</attrlabl><attalias Sync="TRUE">PERMITPARE</attalias><attrtype Sync="TRUE">String</attrtype><attwidth Sync="TRUE">25</attwidth><atprecis Sync="TRUE">0</atprecis><attscale Sync="TRUE">0</attscale></attr><attr><attrlabl Sync="TRUE">GISPROPNUM</attrlabl><attalias Sync="TRUE">GISPROPNUM</attalias><attrtype Sync="TRUE">String</attrtype><attwidth Sync="TRUE">25</attwidth><atprecis Sync="TRUE">0</atprecis><attscale Sync="TRUE">0</attscale><attrdef>Unique identification number for each park property, identified by borough/county (B = Brooklyn; M = Manhattan; Q = Queens; R = Richmond (Staten Island); X = Bronx) and followed by a number. New numbers are assigned sequentially to sites as they are acquired.</attrdef></attr><attr><attrlabl Sync="TRUE">OMPPROPID</attrlabl><attalias Sync="TRUE">OMPPROPID</attalias><attrtype Sync="TRUE">String</attrtype><attwidth Sync="TRUE">25</attwidth><atprecis Sync="TRUE">0</atprecis><attscale Sync="TRUE">0</attscale><attrdef>Unique identification number for each park property used by the Operations and Management Planning Division of the Department of Parks and Recreation for inspection purposes.</attrdef></attr><attr><attrlabl Sync="TRUE">COMMUNITYB</attrlabl><attalias Sync="TRUE">COMMUNITYB</attalias><attrtype Sync="TRUE">String</attrtype><attwidth Sync="TRUE">50</attwidth><atprecis Sync="TRUE">0</atprecis><attscale Sync="TRUE">0</attscale></attr><attr><attrlabl Sync="TRUE">COUNCILDIS</attrlabl><attalias Sync="TRUE">COUNCILDIS</attalias><attrtype Sync="TRUE">String</attrtype><attwidth Sync="TRUE">50</attwidth><atprecis Sync="TRUE">0</atprecis><attscale Sync="TRUE">0</attscale></attr><attr><attrlabl Sync="TRUE">LOCATION</attrlabl><attalias Sync="TRUE">LOCATION</attalias><attrtype Sync="TRUE">String</attrtype><attwidth Sync="TRUE">100</attwidth><atprecis Sync="TRUE">0</atprecis><attscale Sync="TRUE">0</attscale><attrdef>A description of the location of a property with respect to the street system and physical features such as water bodies.</attrdef></attr><attr><attrlabl Sync="TRUE">MODIFIEDBY</attrlabl><attalias Sync="TRUE">MODIFIEDBY</attalias><attrtype Sync="TRUE">String</attrtype><attwidth Sync="TRUE">10</attwidth><atprecis Sync="TRUE">0</atprecis><attscale Sync="TRUE">0</attscale></attr><attr><attrlabl Sync="TRUE">ADDEDBY</attrlabl><attalias Sync="TRUE">ADDEDBY</attalias><attrtype Sync="TRUE">String</attrtype><attwidth Sync="TRUE">10</attwidth><atprecis Sync="TRUE">0</atprecis><attscale Sync="TRUE">0</attscale></attr><attr><attrlabl Sync="TRUE">ADDEDDATE</attrlabl><attalias Sync="TRUE">ADDEDDATE</attalias><attrtype Sync="TRUE">Date</attrtype><attwidth Sync="TRUE">8</attwidth><atprecis Sync="TRUE">0</atprecis><attscale Sync="TRUE">0</attscale></attr><attr><attrlabl Sync="TRUE">RETIRED</attrlabl><attalias Sync="TRUE">RETIRED</attalias><attrtype Sync="TRUE">String</attrtype><attwidth Sync="TRUE">5</attwidth><atprecis Sync="TRUE">0</atprecis><attscale Sync="TRUE">0</attscale></attr><attr><attrlabl Sync="TRUE">COMMENTS</attrlabl><attalias Sync="TRUE">COMMENTS</attalias><attrtype Sync="TRUE">String</attrtype><attwidth Sync="TRUE">254</attwidth><atprecis Sync="TRUE">0</atprecis><attscale Sync="TRUE">0</attscale></attr><attr><attrlabl Sync="TRUE">WATERFRONT</attrlabl><attalias Sync="TRUE">WATERFRONT</attalias><attrtype Sync="TRUE">String</attrtype><attwidth Sync="TRUE">5</attwidth><atprecis Sync="TRUE">0</atprecis><attscale Sync="TRUE">0</attscale><attrdomv><edom><edomv>Yes</edomv><edomvd>Property adjacent to water front</edomvd></edom><edom><edomv>No</edomv><edomvd>Property not adjacent to water front.</edomvd></edom></attrdomv><attrdef>Describes by the property's proximity to the water front. </attrdef></attr><attr><attrlabl Sync="TRUE">MAPPED</attrlabl><attalias Sync="TRUE">MAPPED</attalias><attrtype Sync="TRUE">String</attrtype><attwidth Sync="TRUE">10</attwidth><atprecis Sync="TRUE">0</atprecis><attscale Sync="TRUE">0</attscale><attrdomv><edom><edomv>True</edomv><edomvd>The property is mapped as "Park/Public Place" on the City Map.</edomvd></edom><edom><edomv>False</edomv><edomvd>The property is not mapped on the City Map.</edomvd></edom><edom><edomv>Part</edomv><edomvd>The property is partially mapped as "Park/Pubic Place" on the City Map.</edomvd></edom></attrdomv><attrdef>Describes the status of the property on the City Map. </attrdef></attr><attr><attrlabl Sync="TRUE">MODIFIEDDA</attrlabl><attalias Sync="TRUE">MODIFIEDDA</attalias><attrtype Sync="TRUE">Date</attrtype><attwidth Sync="TRUE">8</attwidth><atprecis Sync="TRUE">0</atprecis><attscale Sync="TRUE">0</attscale></attr><attr><attrlabl Sync="TRUE">AMPSSYNC</attrlabl><attalias Sync="TRUE">AMPSSYNC</attalias><attrtype Sync="TRUE">String</attrtype><attwidth Sync="TRUE">3</attwidth><atprecis Sync="TRUE">0</atprecis><attscale Sync="TRUE">0</attscale></attr><attr><attrlabl Sync="TRUE">RETIREDDAT</attrlabl><attalias Sync="TRUE">RETIREDDAT</attalias><attrtype Sync="TRUE">Date</attrtype><attwidth Sync="TRUE">8</attwidth><atprecis Sync="TRUE">0</atprecis><attscale Sync="TRUE">0</attscale></attr><attr><attrlabl Sync="TRUE">SIGNNAME</attrlabl><attalias Sync="TRUE">SIGNNAME</attalias><attrtype Sync="TRUE">String</attrtype><attwidth Sync="TRUE">100</attwidth><atprecis Sync="TRUE">0</atprecis><attscale Sync="TRUE">0</attscale><attrdef>The name of the entire site as it appears on the signs located on the exterior of the park.</attrdef></attr><attr><attrlabl Sync="TRUE">FLAGCOMMEN</attrlabl><attalias Sync="TRUE">FLAGCOMMEN</attalias><attrtype Sync="TRUE">String</attrtype><attwidth Sync="TRUE">254</attwidth><atprecis Sync="TRUE">0</atprecis><attscale Sync="TRUE">0</attscale></attr><attr><attrlabl Sync="TRUE">BOROUGH</attrlabl><attalias Sync="TRUE">BOROUGH</attalias><attrtype Sync="TRUE">String</attrtype><attwidth Sync="TRUE">15</attwidth><atprecis Sync="TRUE">0</atprecis><attscale Sync="TRUE">0</attscale><attrdef>Describes the borough in which the property is located. All properties fall within a single borough. </attrdef><attrdomv><edom><edomv>M</edomv><edomvd>Manhattan</edomvd></edom><edom><edomv>X</edomv><edomvd>Bronx</edomvd></edom><edom><edomv>K</edomv><edomvd>Brooklyn</edomvd></edom><edom><edomv>Q</edomv><edomvd>Queens</edomvd></edom><edom><edomv>R</edomv><edomvd>Staten Island</edomvd></edom></attrdomv></attr><attr><attrlabl Sync="TRUE">ZIPCODE</attrlabl><attalias Sync="TRUE">ZIPCODE</attalias><attrtype Sync="TRUE">String</attrtype><attwidth Sync="TRUE">110</attwidth><atprecis Sync="TRUE">0</atprecis><attscale Sync="TRUE">0</attscale><attrdef>Describes the zip code in which the property is located. If a property is located within multiple zip codes, then multiple zip codes are listed and separated by commas.</attrdef></attr><attr><attrlabl Sync="TRUE">PIP_RATABL</attrlabl><attalias Sync="TRUE">PIP_RATABL</attalias><attrtype Sync="TRUE">String</attrtype><attwidth Sync="TRUE">5</attwidth><atprecis Sync="TRUE">0</atprecis><attscale Sync="TRUE">0</attscale></attr><attr><attrlabl Sync="TRUE">AMPSTYPE</attrlabl><attalias Sync="TRUE">AMPSTYPE</attalias><attrtype Sync="TRUE">String</attrtype><attwidth Sync="TRUE">1</attwidth><atprecis Sync="TRUE">0</atprecis><attscale Sync="TRUE">0</attscale></attr><attr><attrlabl Sync="TRUE">ORGANIZATI</attrlabl><attalias Sync="TRUE">ORGANIZATI</attalias><attrtype Sync="TRUE">String</attrtype><attwidth Sync="TRUE">10</attwidth><atprecis Sync="TRUE">0</atprecis><attscale Sync="TRUE">0</attscale></attr><attr><attrlabl Sync="TRUE">DEPARTMENT</attrlabl><attalias Sync="TRUE">DEPARTMENT</attalias><attrtype Sync="TRUE">String</attrtype><attwidth Sync="TRUE">25</attwidth><atprecis Sync="TRUE">0</atprecis><attscale Sync="TRUE">0</attscale></attr><attr><attrlabl Sync="TRUE">CLASSORG</attrlabl><attalias Sync="TRUE">CLASSORG</attalias><attrtype Sync="TRUE">String</attrtype><attwidth Sync="TRUE">10</attwidth><atprecis Sync="TRUE">0</atprecis><attscale Sync="TRUE">0</attscale></attr><attr><attrlabl Sync="TRUE">GISOBJID</attrlabl><attalias Sync="TRUE">GISOBJID</attalias><attrtype Sync="TRUE">Integer</attrtype><attwidth Sync="TRUE">10</attwidth><atprecis Sync="TRUE">10</atprecis><attscale Sync="TRUE">0</attscale></attr><attr><attrlabl Sync="TRUE">ADDRESS</attrlabl><attalias Sync="TRUE">ADDRESS</attalias><attrtype Sync="TRUE">String</attrtype><attwidth Sync="TRUE">254</attwidth><atprecis Sync="TRUE">0</atprecis><attscale Sync="TRUE">0</attscale><attrdef>Address of the site as recorded by the New York City Department of City Planning's PLUTO database .</attrdef></attr><attr><attrlabl Sync="TRUE">COMMISSION</attrlabl><attalias Sync="TRUE">COMMISSION</attalias><attrtype Sync="TRUE">Date</attrtype><attwidth Sync="TRUE">8</attwidth><atprecis Sync="TRUE">0</atprecis><attscale Sync="TRUE">0</attscale></attr><attr><attrlabl Sync="TRUE">FLAG</attrlabl><attalias Sync="TRUE">FLAG</attalias><attrtype Sync="TRUE">String</attrtype><attwidth Sync="TRUE">5</attwidth><atprecis Sync="TRUE">0</atprecis><attscale Sync="TRUE">0</attscale></attr><attr><attrlabl Sync="TRUE">ACQUISITIO</attrlabl><attalias Sync="TRUE">ACQUISITIO</attalias><attrtype Sync="TRUE">Date</attrtype><attwidth Sync="TRUE">8</attwidth><atprecis Sync="TRUE">0</atprecis><attscale Sync="TRUE">0</attscale></attr><attr><attrlabl Sync="TRUE">NAME311</attrlabl><attalias Sync="TRUE">NAME311</attalias><attrtype Sync="TRUE">String</attrtype><attwidth Sync="TRUE">254</attwidth><atprecis Sync="TRUE">0</atprecis><attscale Sync="TRUE">0</attscale></attr><attr><attrlabl Sync="TRUE">JURISDICTI</attrlabl><attalias Sync="TRUE">JURISDICTI</attalias><attrtype Sync="TRUE">String</attrtype><attwidth Sync="TRUE">25</attwidth><atprecis Sync="TRUE">0</atprecis><attscale Sync="TRUE">0</attscale></attr><attr><attrlabl Sync="TRUE">URL</attrlabl><attalias Sync="TRUE">URL</attalias><attrtype Sync="TRUE">String</attrtype><attwidth Sync="TRUE">100</attwidth><atprecis Sync="TRUE">0</atprecis><attscale Sync="TRUE">0</attscale></attr><attr><attrlabl Sync="TRUE">SHAPE</attrlabl><attalias Sync="TRUE">Shape</attalias><attrtype Sync="TRUE">Geometry</attrtype><attwidth Sync="TRUE">0</attwidth><atprecis Sync="TRUE">0</atprecis><attscale Sync="TRUE">0</attscale><attrdef Sync="TRUE">Feature geometry.</attrdef><attrdefs Sync="TRUE">ESRI</attrdefs><attrdomv><udom Sync="TRUE">Coordinates defining the features.</udom></attrdomv></attr><attr><attrlabl Sync="TRUE">Precinct</attrlabl><attalias Sync="TRUE">PRECINCT</attalias><attrtype Sync="TRUE">String</attrtype><attwidth Sync="TRUE">10</attwidth><atprecis Sync="TRUE">0</atprecis><attscale Sync="TRUE">0</attscale></attr><attr><attrlabl Sync="TRUE">EAPPLY</attrlabl><attalias Sync="TRUE">EAPPLY</attalias><attrtype Sync="TRUE">String</attrtype><attwidth Sync="TRUE">128</attwidth><atprecis Sync="TRUE">0</atprecis><attscale Sync="TRUE">0</attscale><attrdef>The name of the property as it appears in the Citywide Event Management System.</attrdef></attr><attr><attrlabl Sync="TRUE">SUBCATEGOR</attrlabl><attalias Sync="TRUE">SUBCATEGOR</attalias><attrtype Sync="TRUE">String</attrtype><attwidth Sync="TRUE">30</attwidth><atprecis Sync="TRUE">0</atprecis><attscale Sync="TRUE">0</attscale></attr><attr><attrlabl Sync="TRUE">TYPECATEGO</attrlabl><attalias Sync="TRUE">TYPECATEGO</attalias><attrtype Sync="TRUE">String</attrtype><attwidth Sync="TRUE">100</attwidth><atprecis Sync="TRUE">0</atprecis><attscale Sync="TRUE">0</attscale></attr><attr><attrlabl Sync="TRUE">PERMIT</attrlabl><attalias Sync="TRUE">PERMIT</attalias><attrtype Sync="TRUE">String</attrtype><attwidth Sync="TRUE">5</attwidth><atprecis Sync="TRUE">0</atprecis><attscale Sync="TRUE">0</attscale></attr><attr><attrlabl Sync="TRUE">ACRES</attrlabl><attalias Sync="TRUE">ACRES</attalias><attrtype Sync="TRUE">Double</attrtype><attwidth Sync="TRUE">19</attwidth><atprecis Sync="TRUE">18</atprecis><attscale Sync="TRUE">8</attscale></attr><attr><attrlabl Sync="TRUE">created_us</attrlabl><attalias Sync="TRUE">created_us</attalias><attrtype Sync="TRUE">String</attrtype><attwidth Sync="TRUE">254</attwidth><atprecis Sync="TRUE">0</atprecis><attscale Sync="TRUE">0</attscale></attr><attr><attrlabl Sync="TRUE">created_da</attrlabl><attalias Sync="TRUE">created_da</attalias><attrtype Sync="TRUE">Date</attrtype><attwidth Sync="TRUE">8</attwidth><atprecis Sync="TRUE">0</atprecis><attscale Sync="TRUE">0</attscale></attr><attr><attrlabl Sync="TRUE">last_edite</attrlabl><attalias Sync="TRUE">last_edite</attalias><attrtype Sync="TRUE">String</attrtype><attwidth Sync="TRUE">254</attwidth><atprecis Sync="TRUE">0</atprecis><attscale Sync="TRUE">0</attscale></attr><attr><attrlabl Sync="TRUE">last_edi_1</attrlabl><attalias Sync="TRUE">last_edi_1</attalias><attrtype Sync="TRUE">Date</attrtype><attwidth Sync="TRUE">8</attwidth><atprecis Sync="TRUE">0</atprecis><attscale Sync="TRUE">0</attscale></attr><attr><attrlabl Sync="TRUE">NYS_ASSEMB</attrlabl><attalias Sync="TRUE">NYS_ASSEMB</attalias><attrtype Sync="TRUE">String</attrtype><attwidth Sync="TRUE">50</attwidth><atprecis Sync="TRUE">0</atprecis><attscale Sync="TRUE">0</attscale></attr><attr><attrlabl Sync="TRUE">NYS_Senate</attrlabl><attalias Sync="TRUE">NYS_SENATE</attalias><attrtype Sync="TRUE">String</attrtype><attwidth Sync="TRUE">50</attwidth><atprecis Sync="TRUE">0</atprecis><attscale Sync="TRUE">0</attscale></attr><attr><attrlabl Sync="TRUE">US_CONGRES</attrlabl><attalias Sync="TRUE">US_CONGRES</attalias><attrtype Sync="TRUE">String</attrtype><attwidth Sync="TRUE">50</attwidth><atprecis Sync="TRUE">0</atprecis><attscale Sync="TRUE">0</attscale></attr><attr><attrlabl Sync="TRUE">SHAPE_STAr</attrlabl><attalias Sync="TRUE">SHAPE_STAr</attalias><attrtype Sync="TRUE">Double</attrtype><attwidth Sync="TRUE">19</attwidth><atprecis Sync="TRUE">0</atprecis><attscale Sync="TRUE">0</attscale></attr><attr><attrlabl Sync="TRUE">SHAPE_STLe</attrlabl><attalias Sync="TRUE">SHAPE_STLe</attalias><attrtype Sync="TRUE">Double</attrtype><attwidth Sync="TRUE">19</attwidth><atprecis Sync="TRUE">0</atprecis><attscale Sync="TRUE">0</attscale></attr></detailed><detailed Name="ParksGIS.DPR.Parks_to_Centroids"><enttyp><enttypl Sync="TRUE">ParksGIS.DPR.Parks_to_Centroids</enttypl><enttypt Sync="TRUE">Relationship</enttypt></enttyp></detailed></eainfo><mdHrLvName Sync="TRUE">dataset</mdHrLvName><refSysInfo><RefSystem><refSysID><identCode code="103120" Sync="TRUE"/><idCodeSpace Sync="TRUE">ESRI</idCodeSpace><idVersion Sync="TRUE">10.2.1</idVersion></refSysID></RefSystem></refSysInfo><spatRepInfo><VectSpatRep><geometObjs Name="DPR_ParksProperties_001"><geoObjTyp><GeoObjTypCd value="002" Sync="TRUE"></GeoObjTypCd></geoObjTyp><geoObjCnt Sync="TRUE">0</geoObjCnt></geometObjs><topLvl><TopoLevCd value="001" Sync="TRUE"></TopoLevCd></topLvl></VectSpatRep></spatRepInfo><spdoinfo><ptvctinf><esriterm Name="DPR_ParksProperties_001"><efeatyp Sync="TRUE">Simple</efeatyp><efeageom code="4" Sync="TRUE"></efeageom><esritopo Sync="TRUE">FALSE</esritopo><efeacnt Sync="TRUE">0</efeacnt><spindex Sync="TRUE">FALSE</spindex><linrefer Sync="TRUE">FALSE</linrefer></esriterm></ptvctinf></spdoinfo><mdDateSt Sync="TRUE">20150416</mdDateSt></metadata>
